shocking,"触目惊心的,令人震惊的,可怕的"
shoplift,"動詞,冒充顧客在商店內偷竊"
shopworn,"記,商店,用舊的,在商店中陳列,舊了的,失去光澤的,參,從商店中偷商品,反,新的,在商店中陳列舊了,或壞了,的,陳舊的,陳腐的"
shoulder,"承擔,來自肩膀,解,肩膀是用來,擔,重物的,引申為,承擔,常與,責任,並用責任的固定搭配動詞承擔逃避"
sibilant,"記象聲詞,發出呲呲聲的,類,呲呲作聲是呲呲的嗡嗡作聲是單調的,作聲的,語齒擦音"
sickness,"疾病,不健康,嘔吐"
sidelong,NotFoundAnyMeanings
sidereal,"記,旁邊是真的當你眼冒金星是金星是假的旁邊的東西是真的,恆星的,類,樹木的對樹木恆星的對恆星河流的對河流感情的對感情,恆星的"
sideshow,"記,旁邊的表演,不重要的表演,穿插表演,穿插表演,在馬戲表演中的附加提供的小表演,附屬事件,參,極度可笑的,使人的肚子,邊上都,裂了,雜耍,穿插表演,附屬事件"
sidestep,"尤指透過開始談論別的事情迴避某個話題,演講者藉口說回答要很長時間而迴避了這個問題"
sideways,"形容詞,斜,向一邊的,向旁邊的,副詞,斜,向一邊,向旁邊"
silently,"安靜地,沈默地"
simulate,"動詞,模擬,模仿,偽裝"
sinecure,"工作清閑而報酬豐厚的掛名差事,閑職,罪孽,有罪惡感的"
singular,"形容詞,單數的,獨個的,名詞,單數"
situated,"形容詞,位於,的,坐落在,的"
skeleton,"骨骼,瘦如柴的人,梗概,骨幹,脈絡,概略的,基層的,家庭秘密的,骨幹的"
skillful,"形容詞,有技術的,熟練的"
skirmish,"記,讀迷失,裙子丟了會引起夫妻之間的小口角,小戰斗,小口角,類,小口角不重要決斗正式,小沖突,進行一場小沖突"
slant--0,"看待問題,思考的角度,看法,傾斜的,歪曲事實等"
sleeping,"睡眠,睡著的"
slightly,"輕微地,稍稍細長,苗條,微小"
slippage,"記源于,滑,從紙上滑下來,滑動,滑動,類,壓艙物消除不穩定防滑支點消除滑動趨勢,滑動,滑移,滑程"
slipshod,"馬虎草率的,邋遢的,不修邊幅的反,謹小慎微的,勤勉的"
sloth--0,"對工作,懶惰類放蕩的缺乏抑製偷懶的缺乏刻苦反,工業,勤奮"
slothful,"懶惰的,從樹懶,的動作緩慢而來"
slovenly,"衣著或外表,不整潔的,邋遢的類放縱的不是附著的不修邊幅的不是衣冠楚楚的反,整齊的,整潔的,整潔的,整齊的,整潔的"
slowness,"緩慢,遲鈍"
sluggard,"記,蛞蝓,一種行動緩慢的虫,象蝸牛,懶惰鬼,懶鬼,類,流氓是為害的懶鬼是懶惰的,作為名詞沒有貶義,偷懶者,懶鬼,游手好閑的人"
smacking,"活潑的,發出大的聲音的,精力充沛的摑"
smallest,最少
smoothly,"平滑的,光滑的,平坦的,的衍生的副詞"
snarl--0,"頭發或絲綢等,糾纏,使,局面等,混亂類免除責任消除責備松開消除糾纏反,解脫,解開糾結"
sneaking,"記,鬼鬼祟祟的做,源于,爬,秘密不公開的,偷偷摸摸的,參,鬼鬼祟祟的人,區,竊笑,偷偷逃走的,不爭氣的,內心里的,卑鄙的"
snobbish,"記,勢利的人,崇拜,有錢人,勢利眼的,諂上欺下的,假充紳士的,過分優雅的,類,過分關心的是多管閑事的過分優雅的是假充紳士的過分入迷的是,全神貫注的,勢利的"
sober--0,"在酒精或藥品方面,有節製的,清醒的,行為,性格,嚴肅莊重的反,淘氣的,惡作劇的,輕佻的"
sobriety,"節酒,節制,一本正經,莊重"
sociable,NotFoundAnyMeanings
socially,"在社會上,在社交上,親切地"
soldiers,"士兵,軍人"
solecism,"記,單獨的,唯一的,一個人生活在森林裡,比如人猿泰山,不懂語法和禮節,文法錯誤,舉止失禮,文法錯誤,舉止失禮,語法錯誤,謬誤,失禮"
solicits,NotFoundAnyMeanings
solidify,"團結,使充實,使鞏固,使穩固,他發表談話表明支持該條約的立場,進一步強調了他信守條約的承諾"
solitude,"名詞,孤獨,隱居"
solution,"解決,解決方法,溶解,溶液"
someones,NotFoundAnyMeanings
somtimes,NotFoundAnyMeanings
soothing,"感到慰藉的,使人寬心的"
sounding,"測量水深,探針診斷"
souvenir,"名詞,紀念品,紀念物"
spacious,"形容詞,寬敞的,廣闊的"
sparring,"拳擊,爭鬥"
spartans,NotFoundAnyMeanings
speaking,"談話,演說,講話的,適於說的,象要開口似的"
specific,"特效藥,特性,特殊的,明確的,具有特效的,特定的,具體的"
specimen,"標本,用以化驗的,抽樣"
spectral,"幽靈的,譜的,光譜的"
spectrum,"系列,幅度,范围,光谱,科频谱"
speed-up,促進某事的發生
spending,"開銷,花費"
spinning,"紡織,旋轉"
spiny--0,"記源于,脊椎,刺,表面,多刺的,事情,棘手的,參,沒骨氣的,無脊椎的,多刺的,反,平滑的,多剌的,剌狀的"
spirited,"活潑的,生氣勃勃的,猛烈的,用以構成複合詞,有,精神的,情緒,的,心地,的"
spiteful,"心懷叵測的,惡意的,惡意中傷的流言,說話尖酸刻薄"
splendid,"光亮的,了不起的,燦爛的,壯麗的,顯著的,傑出的"
splendor,"名詞,光輝,壯觀,輝煌"
splinter,"碎片,尖片,刺,微小的東西,劈開,使,破裂"
splutter,急切而不清楚地說
sportive,"爱玩的,爱好运动的"
sprinkle,"灑,散置,撒,點綴,灑,下小雨灑,散置,小雨,少量"
spurious,"本質上或起源上,假的,偽造的,私生的反,真正的"
spurn--0,"踢開,拒斥,踢到一旁,冷落,踐踏,唾棄,藐視,摒棄"
squabble,"由瑣事而引發的,爭吵,程度大于,小于,和,類,爭吵對小爭吵缺點對小缺點爭吵對小爭吵,爭論"
squander,"浪費,揮霍參,南瓜,壓扁,壓榨,類監考者監考揮霍者揮霍,虛度時間揮霍金錢反,節儉,保存"
squirrel,"松鼠,松鼠的毛皮,貯藏以備用"
staccato,"記,從中間斷開是,和,長得差不多,而且,結尾是意大利語,表示音樂,斷音的,斷奏的,音樂,斷音的,斷奏的,聲音斷斷序序的,斷奏,斷唱"
stagnant,"不流動的,停滯的,不景氣的,蕭條的,汙濁的,遲鈍的"
stale--0,"尿,不新鮮的,陳腐的,疲倦的,陳舊的,使變舊,走味,變陳舊,變無味"
stalling,耽誤
stamping,沖件
standard,"標準,水準,水平,規格,規範,規定,旗幟,標準的,一般的"
standing,"身分,地位,名望,站立的,常設的,持久的,長期的,正規的,律提起訴訟的資格,提起訴訟權"
stark--0,"僵硬的,完全的,刻板的,明顯的,荒涼的,結實的,實在,簡直,全然"
starting,"開始,開動"
statuary,"雕像,雕像藝術,雕像家,雕像的,雕像用的"
stealthy,"秘密的,掩人耳目的,鬼鬼祟祟的"
steeping,NotFoundAnyMeanings
sticking,"現在分詞,細長,棒,棒,枝木"
stickler,"記,堅持己見,棍,粘住,堅持,毫不屈服地堅持細節之人,參,粘的,粘性的,類,講究細節的人不會大約不嚴密純粹主義者不會摻假,堅持己見的人,困難的問題"
stimulus,"名詞,刺激,刺激品,興奮劑"
stinking,"發惡臭的,爛醉如泥的,非常討厭的"
stint--0,"節省,限制,停止,節約吝惜,節約,限制"
stockade,"記,存貨,樹干,進攻性,有進攻性的木頭,柵欄,柵欄,防御性護欄,參,矮壯的,健壯結實的,像樹干一樣,類,柵欄用來包圍柱子用來支撐,柵欄,圍起處,用柵欄圍住"
stopping,NotFoundAnyMeanings
stowaway,"記,裝載,隱藏,到遠處,藏于輪船,飛機中的,無票偷乘者,類,走私者逃稅偷乘者逃交通費,偷渡者,匿身處"
straight,"直的,挺直的,正直的,直率的,整齊的,有條理的,筆直地,對直地,正直地,俚習俗的,正統的,持正統習俗觀念的,異性愛的,不吸毒品者,固守習俗觀念的人,異性愛者"
stranded,"常用以構成復合詞,股的,多股的"
strategy,"名詞,策略,計謀"
straying,誤闖
strength,"力量,力氣,實力,強度,濃度,人數,抵抗力"
strew--0,"散布,充滿,散播"
striated,"記,有條紋的,加條紋,條紋,讀,街道的,沒有此詞,條紋的,有條紋的,類,用凹線劃成條紋狀用股編成辮狀用點畫成點狀,點刻用點加條紋用線,有條紋的,有細條的,有線紋的"
strictly,"嚴厲地,嚴格地,嚴密地"
strident,"刺耳的,尖厲的,措詞強硬的,咄咄逼人的"
striking,"顯著的,突出的,引人注目的,容貌出眾的"
strip--0,"長條,條狀,帶,脫衣舞,脫衣,被剝去,剝奪,拆卸,脫衣服"
stripped,喪失的
strongly,"堅固地,堅強地,激烈地"
struggle,"鬥爭,戰鬥,掙紮,努力,掙紮鬥爭,奮鬥"
stubborn,"難以處理的,棘手的,固執的,頑固的"
stultify,"使無效,使失效或消弱,使愚蠢反,刺激,抑止的,興奮的,激動的"
stunning,"形美得驚人的,令人震驚的"
stunt--0,"阻礙,發育,妨礙,生長,作驚人表演,使絕招,發育遲緩,矮小的人,或物,驚人表演,絕技"
submerge,"使浸水,使陷入,淹沒,潛入水中"
subpoena,"法律,傳票,用傳票,傳訊"
subtlety,"細微,精細,巧妙,灱巧,詭詐細微的巫別等"
subtract,"減去,扣掉,減少,作減法"
suddenly,"意外地,忽然,冷不防"
suffused,NotFoundAnyMeanings
suggests,建議
suitable,"形容詞,適當的,合適的,適宜的"
suitably,"合適地,適當地,相配地"
suitcase,"名詞,小型旅行箱,手提箱"
sulfuric,"化正硫的,含六價硫的"
sunlight,"日光,阳光"
superior,"優良的,卓越的,高級的,較,多,優於,的,上層的,上級的上級,長官"
supplied,"有,提供的,備有,的"
supports,NotFoundAnyMeanings
surprise,"驚奇,吃驚,偷襲,奇襲,使驚奇,使感到意外,奇襲"
surround,"動詞,圍,圍繞,名詞,圍繞物"
surveyor,"記,檢查,測量,下面,看向下看,檢查,測量,測量員,測量員,檢查員"
suspense,"懸疑,不安,懸而未決的狀態"
swear--0,"發誓,宣誓,咒罵,使宣誓,發誓,詛咒詛咒,誓言"
switches,開關
sybarite,"記源于,錫巴裡斯,古希臘城市,曾因其富饒與奢靡而著名,儀式,整天在酒吧裡面看儀式,奢侈糜爛的人,奢侈逸樂的人,反,節儉的人,禁欲者,縱情逸樂之徒"
syllabus,"教學綱要,課文,演講或研究課題的要點的概要或提綱,類旅行行程安排旅行教學大綱安排課程會議議程安排會議"
symbolic,"象徵性的,象徵手法的,象徵派的"
sympathy,"同情,贊同,同感,慰問,吊唁"
symphony,"交響樂,交響曲,美,交響樂團"
symptoms,症狀
syndrome,"並發症狀,綜合症,同時存在的事物"
tactical,"策略性的,謀略性的,這是一種策略性的投票"
talented,"形容詞,有天才的,有才幹的"
talisman,"記,惡毒,惡毒的男人要戴護身符,帶來超自然力量或保護的,避邪物,護身符,參,報複,反,惡毒,返回惡毒,報複,類,護身符是一種物品咒語是一種話,護身符,辟邪物,能產生奇跡的東西,法寶"
tangible,"通過觸摸可以感知的類最初的不是實現的切實的不是模糊的臨死的死的反,無法理解的"
tapestry,"記,磁帶,努力把磁帶中的帶子編織成掛毯,織有顏色鮮艷,有各種圖案或風景的,掛毯,類,明暗法對比金銀絲工藝精細織錦複雜是錯誤選項,織錦,挂毯,編織錦或織畫,用挂毯裝飾"
taunting,"嘲弄的,譏笑的"
teaching,"教学,教义,教学,教导"
temerity,"魯莽,不考慮危險的愚蠢行為,類活潑的不冷漠魯莽的不膽小反,細心,慎重,膽怯,謹慎靠近"
tendency,"傾向,趨勢,脾性,癖好"
tenet--0,"信條,主義,教義,宗旨,原則"
tepid--0,"微溫的,溫熱的,不太熱烈的,不熱情的,貼皮溫膚"
terminal,"末端的,終點的,每期的,末期的,晚期的,末端,終點,端子,線接頭,終點站,自終端,設備"
terminus,"終點,終點站,英,界限,地點"
thematic,"詞幹的,題目的,主題的,論題的"
thinking,"形容詞,思想的,有理性的,好思考的,名詞,思想,思考,意見,想法"
thorough,"徹底的,詳盡的,非常精確的,不厭其煩的,徹頭徹尾的,絕對的"
thoughts,思維
ticklish,"記源于,胳肢,使發痒,小棍,樂用小棍使你樂,使發痒,怕痒的,棘手的,參,記事本,使人發痒的人,類,順從容易被影響易怒的容易被冒犯,反,沉著冷靜的,易痒的,不穩定的,難對付的,忌諱的"
timeworn,"記,時間,用舊的,陳舊的,陳舊的,長期使用或磨損的,老一套的,參,及時的,類,陳腐的不新奇曲折的不直接,反,小說,新奇的,陳舊的,老朽的"
timidity,"膽怯,反,厚顏無恥的行為,膽怯"
tireless,"不疲倦的,不厭倦的,不屈不撓的"
tiresome,"使人疲勞的,令人厭倦"
together,"共同,一起,集合地,相互,彼此,同時,連續,美俚鎮定自若的,協調的,和諧的,精明的"
tolerant,"容許的,容忍的,忍耐的,忍受的"
tonic--0,"恢複或增加身體強壯的,補品,滋補的,刺激的類解毒劑用來解除毒補藥用來解除困乏補藥用來激發麻醉劑用來麻醉有助于的就是激發激勵的就是鼓舞反,衰弱的"
tract--0,"拉,引,吸引,抓地力,拉力,曳引機,收縮,減損,攻訐者,令人分心的事務,節錄,抽取,難以管理的,長時間的,拖延的,收回,減,扣除"
tranquil,"平靜的,安寧的,平靜,安靜"
transfer,"遷移,移動,傳遞,轉讓,轉移,過戶,匯兌,換車,轉移,調轉,調任,改變,傳遞"
transmit,"傳送,傳輸,轉送,傳達,遺傳,發射,傳播,發射信號,發報"
traverse,"橫貫,橫木,障礙,否認,反駁,橫過,穿過,經過,詳細研究,反對"
travesty,"對人或文學作品等的滑稽模仿,拙劣的模仿,歪曲,曲解"
treasury,"名詞,金庫,庫房,國庫,寶庫"
treating,對待
treeless,無樹木的
trespass,"動詞,擅自進入,侵入,名詞,擅自進入,非法侵入"
tribunal,"名詞,法庭,法官席,裁決,公斷"
trickery,"記源于,詭計,欺騙,騙子,魔術師,欺騙,詭計,欺騙"
trifling,"不重要的,微不足道的,無聊的"
troubles,"煩惱,憂慮"
truncate,"把,某物,截短類截短長度簡化複雜性最小化成分反,延長,拖延,戰利品,獎品,用戰利品裝飾,授予,獎品"
trusting,"信任的,信賴的,參,可信賴的,類,過分服從的是奴性的過分信任的是易受騙的,信任的,信賴的"
truthful,"誠實的,報告記述等,真實的"
turncoat,"記,翻轉,衣服變成叛徒,變節者,叛徒,類,頑固者不會寬容笨蛋不會睿智隱士不會同情變節者不會一致,反,不屈不撓,背叛者,變節者"
twisting,"扭轉,扭轉的,扭轉"
ultimate,"終極,根本,頂點,基本原理,終極的,根本的,極限的,最遠的,最後的,最大的"
unbiased,"沒有偏見的反,有傾向的,有偏見的"
uncommon,"不尋常的,不凡的,罕有的,非常地"
under--0,"在,之下,少於,低於,在,保護下,按照,遵照,正在受到"
underbid,"出較低的價錢,投標低於他人,以低價提供,喊價過低,叫牌過低"
undercut,"削弱,通貨膨脹,購買力,例,衍,字面上是,從下方砍,樹,引申為,削弱,用法等同於"
underdog,"處於劣勢的人,事,物"
undue--0,"不適當的,過度的,未到期的"
undulate,"波動起伏,使成波浪形參,豐富的,中間的,形容麥浪滾滾"
unfasten,"解開,放松"
unfit--0,"不適當的,不勝任的,不健全的,使不相宜,使不合格"
ungainly,"重要,笨拙的,開頭,源,原意是,不合適所以,笨拙,解,注意,是形容詞不是副詞,而,是名詞不是副詞,靈巧"
universe,"宇宙,星系,思想等範圍"
univocal,"單義的,意義明確的,記法一個人的聲音很清楚"
unjustly,"不義地,不公平地"
unlawful,"非法的,私生的"
unlikely,"不太可能的,不太有希望的"
unsettle,"攪亂,使動搖,使不安定,動亂不定,離開固定位置"
unstable,"不穩固的,不牢靠的"
unsteady,"不安定的,不穩的,搖晃的"
untapped,"未經開發,採,的,是,酒桶的,塞子,表示酒桶未開封,引申為尚未開發的"
untilled,NotFoundAnyMeanings
untimely,"不到時候的,不適時的,不合時宜的,過早地,不合時宜地"
untiring,"不疲倦的,不懈的,不屈不撓的"
untoward,"不幸的反,有利的,有利且在期望中的,幸運的,吉兆的"
unwanted,"形容詞,不需要的,無用的,多餘的"
unwonted,"不尋常的,並非習慣性的,反,習慣,不尋常的行為,平常的"
unworthy,"不值得的,不足取的"
upheaval,"動亂,大變動,地殼的,隆起"
urgently,"緊急的,急迫的,的衍生的副詞"
vagrancy,"流浪,漂泊,記,走,遷徙,流浪,參,流浪者"
valorous,"勇敢的,記,力量,人,形容人很有力量英勇"
vanguard,"前沿某事物的,前衛,軍隊"
vaporize,"使汽化,使蒸發,手術過程中,醫生有時會使用雷射光束來汽化毛細血管"
vaporous,"蒸汽的,模糊不清的,空想的,記,水蒸氣,水蒸氣很多,會模糊不清,引申為,空幻幻想"
variance,"不一致,變化,變異,變遷,分歧,不和"
vascular,"解動脈管的,有脈管的,血管的"
vaunting,"吹噓的,傲慢的,自吹自擂"
vehement,"感情或觀點強烈的,激烈的"
vehicles,汽車
velocity,"名詞,迅速,快速,野兔像鳥一樣快速掠去,速度,速率,光速大約是每秒十八萬六千英里"
venal--0,"貪污的,用金錢買得的,賄賂的,貪贓枉法的"
venality,"貪汙,腐敗,貪污的,可原諒的"
vendetta,"尤指族間或血親間的,仇殺,世仇"
venerate,"崇敬,敬仰類可敬的人被尊敬可鄙的人被鄙視反,使蒙羞,輕視,輕蔑"
vengeful,"報復的,報仇心理的,類,報復的,報仇的"
verbally,"言詞上,口頭地,照字面地作為動詞"
verbatim,"逐字的,照字面的,記,言語,每一個字都很重要,所以要,逐字,記錄"
verbiage,"多廢話,多冗詞,冗長,措辭"
verified,"檢驗的,核實的,反,未被證實的"
verse--0,"詩,韻文,詩句,用詩表達,作詩"
vertical,"形容詞,垂直的,豎的,名詞,垂直線,垂直面"
vexation,"煩惱,苦惱,令人惱火之事"
vibrancy,"振動,振響,記,振動的,振響的"
vicinity,"接近,鄰近,附近地區,近處"
vigilant,"機警的,警惕的類,謹慎的不易被騙挑剔的不易被滿足警覺的不易中埋伏反,懶散的,遺忘的"
vignette,"在書或書的章節的首尾處或頁邊上的,小裝飾圖案,簡潔的小品文,電影中的小插曲,類,小裝飾圖案是一種圖案小幽默劇是一種戲劇"
violated,違反
violence,"猛烈,兇暴,暴力,殘暴"
violenty,NotFoundAnyMeanings
virtuoso,"各領領域的大師,原指藝術大師,衍,例,神童,解,原指,藝術大師,特別指音樂上,也可泛指各領領域的一流能手"
virtuous,"善良的,有道德的,貞潔的,有效力的"
virulent,"有毒的,記,用,病毒,來記,此字另外從字面上,帶有,病,毒的,引申為,帶有惡意,傷害,的"
vitality,"活力,生命力,生動性"
vitalize,"賦予,生命,給予,活力,字根,活的"
vocalist,"歌手,尤指流行樂隊的主唱,她贏得了葛萊美最佳女歌手獎"
vocation,"天職,神召,工作,職業,對特定職業的秉性,才能"
volition,"意志,決斷力,意志,行為產物"
voracity,"貪婪,記,吞食,吃東西喜歡用吞的貪婪"
wardrobe,"衣櫃,英,衣物,集合名詞,不可數"
warranty,"正当,理由,合理,根据,授权,担保,保证,根据"
wasteful,"浪費的,揮霍的,耗費的"
watchful,"注意的,警戒的,警醒的"
wavering,"搖擺不定,猶豫不決"
weakened,減弱
weakness,"虛弱,軟弱,疲軟,薄弱,缺點,弱點"
well-lit,光線充足的
wield--0,"揮舞,劍等,使用,工具等,行使,權力,施加,影響"
wildness,"野生,野蠻,粗暴"
withdraw,"撤回,取回,撤消,使撤退,拉開,移開,撤退,離開"
withered,"枯萎的,凋谢的,憔悴"
withhold,"壓住,壓制,抑制,押住,扣住,收回"
workable,"可採用的,行得通的"
worn-out,"磨破的,磨損的,穿舊的,疲憊不堪的"
wrangler,"記,爭論,放牧,牛仔,錯誤的天使,原來是放牛的,爭論者,牛仔,類,牛仔用套索牧羊者用牧杖,爭論者"
wretched,"可憐的,不幸的,卑鄙的,骯臟的"
wringing,"搥胸頓足,搓手"
wrinkled,長滿皺紋的
yearn--0,"動詞,思念,渴望,嚮往"
yearning,"渴念,熱念,熱望的,渴望的,懷念的,向往的"
yielding,"順從的,生產的,易變形的,柔順的"
youthful,"形容詞,年輕的,富青春活力的"
zealotry,"狂熱行為,反,缺乏熱情,狂熱行為"
abatement,"減少,減輕,緩和"
abilities,的復數
abjure--0,"發誓放棄,氣絕,記法,離開,發誓,發誓放棄"
abolition,"記看到,就要知道是名詞,廢除,特指廢除奴隸製度,例,廢止奴隸製,源字源於動詞,廢除,反,堅持奴隸製,廢除,廢除奴隸制度"
abominate,"痛恨,因凶兆而,厭惡例,痛恨罪惡根遠離,兆頭因凶兆而厭惡讀,暴民,兆頭,吃暴民把你的飯都吃了痛恨,厭惡,炸彈,吃吃了一個炸彈痛恨參,不吉的,凶險的,反,尊敬"
abundance,"豐富,充裕,豐富充裕"
abusively,NotFoundAnyMeanings
accede--0,"答應,同意,繼承,加入"
accepting,接受
accessory,"形容詞,附加的,附屬的,名詞,附件,配件,從犯"
acclimate,"記朝向,氣候適應氣候使服水土,使服水土,使適應,一新的環境或條件,例,水稻已能適應這兒的環境,反,不習慣,使適應新環境,使服水土,服水土,適應"
accompany,"伴隨,陪伴,陪同,伴奏,為,伴奏"
according,"相符的,和諧的,相應的"
accrue--0,"透過自然增長產生,形成,隨年齡俱增的智慧,利息等的自然孳生,增加,按日生息"
accuse--0,"指責,指控,控告,控訴"
acidulous,"記酸,多,的稍酸的,稍有酸味的,刻薄的,脾氣壞的,性情乖僻的,例,刻薄的諷刺,多少帶酸味的,不悅的"
acquiring,"取得,養成"
acumen--0,"敏銳,明智,判斷或洞察力快速,準確,例,我的營業本領使我非常成功類敏捷和敏銳的聰明和精明的反,不能識別"
adhere--0,"粘附,胶着,坚持,坚持"
adherence,"名堅持,固守,忠誠,黏附"
adjoining,"同義字詞,毗鄰的,鄰近的"
admirable,"可欽佩的,優良的,令人驚奇的"
admirably,"極好地,美好地"
admission,"接納,准許進入,招收,招生,入場,入學,入場券"
admitting,承認
adoration,"崇拜,崇敬,敬慕,仰慕"
adroit--0,"通常是在緊迫條件下,熟練的,靈巧的例,熟練的網球手根一再,正確的一再正確熟練的參,笨拙的,熟練地,機敏地"
adulation,"奉承,源,尾隨,在別人之後的,奉承者,衍,例,瘋狂追隨者,唯唯諾諾的人,記用,成人,來記,相較於孩子,成人才會,奉承,比,字形相像的字,摻雜質"
adumbrate,"畫輪廓,預示,蔽蔭,遮蔽在,上投下陰影"
advantage,"長處,好處,優點,優勢,利益,有利條件"
adversity,"逆境,不幸,厄運,身處逆境時,她也從不垂頭喪氣"
advertise,"做廣告,登廣告,發告示,宣傳,宣揚"
advisable,"形容詞,可取的,明智的,適當的"
advocates,"提倡者,擁護者"
affection,"友愛,愛情,影響,疾病,傾向"
affidavit,"美律宣誓書,經陳訴者宣誓在法律上可采作証據的書面陳述,根一再,相信讓人一再相信的東西宣誓書,讀我非得為她,我非得為她去死宣誓書,參,不忠,背叛,自信,類,宣誓書是一種陳述結婚儀式是一種儀式,美律宣誓書,經陳訴者宣誓在法律上可采作証據的,書面陳述"
affiliate,"接納,使附屬,交往,與,有關"
affirm--0,"堅稱,聲明,斷言,確認"
affluence,"豐富,富裕,流入"
afterward,"副詞,之後,以後,後來"
aggressor,"侵略者,侵略國,攻擊者"
agitation,"攪動,鼓動,煽動,激動,騷動,焦慮"
agreeable,"適意的,愉快的,一致的,符合的,適合的"
agreeably,"愜意地,令人愉快地"
aimlessly,"漫無目的地,無目標地"
alabaster,"記,原指雪花石膏,一種不透明的,白色或淺色的紋理細密的石膏,後引申為,雪白的,一個,實驗室,讀愛死它一個實驗室中生產出來的讓人愛不釋手的東西雪花石膏因為,將其磨成粉后可製成增白粉蜜,特別受黑哥,黑妹的喜愛,雪白的,雪花石膏,雪花石膏制的"
albeit--0,"雖然,儘管"
alcoholic,"形容詞,含酒精的,酗酒的,名詞,酒鬼"
allowance,"允許,考慮,津貼,餘地,體諒,限額,限量,折扣"
alternate,"交互的,輪流的,輪流,使,交替"
aluminium,"鋁,號元素,符號,化鋁,鋁的"
amazement,"驚奇,驚異,驚訝"
ambiguity,"名詞,意義不明確,模稜兩可的話"
ambiguous,"含糊其詞的,可作多種解釋的,類含糊的不清晰虛假的不真實含糊的不容易理解顯眼的不容易忽視"
ambrosial,食物或者氣味特別美味的
amendment,"修正案,改正,修補,改善"
amorously,NotFoundAnyMeanings
amounting,"總數,總額"
amphibian,"記,兩方,生命,兩方都有生命兩棲動物,兩棲動物,皮膚光滑的冷血脊椎動物,水陸兩用飛行器,根,兩方,生命,兩方都有生命兩棲動物,讀俺,讀肺,拼變俺肺變我的肺可以變成腮兩棲動物,類,有可能是迷惑,小鷹是一種鳥青蛙是一種兩棲動物小羊是一種哺乳動物,兩棲類的,水陸兩用的,兩棲動物,水陸兩用飛機,水陸兩用的平底車輛"
amplitude,"廣闊,丰富,振幅,物理學名詞"
amusement,"娛樂,樂趣娛樂活動,文娛活動"
amusingly,NotFoundAnyMeanings
anaerobic,"記非,不,空氣不需空氣的厭氧的,特指微生物,厭氧的,參,厭氧微生物可在無氧環境下生存的一種有機體,反,活在氧氣中的,呼吸,需要氧氣的,微沒有空氣而能生活的,厭氧性的"
analgesia,"無痛覺,痛覺喪失,記,無,不,痛"
analgesic,"鎮痛劑,止痛的,字根,痛"
anarchist,"記無,不,統治,人不喜統治的人無政府主義者,無政府主義者,類,無政府主義者的特征是反叛辯論者的特征是辯護,無政府主義者不要政府廢奴主義者不要奴隸製,無政府主義者"
animation,"動畫片,卡通片,動畫製作"
annals--0,"編年史,歷史,歷史記載,年報"
announces,宣布
annoyance,"名詞,惱怒,打擾,討厭的東西,或人"
anoint--0,"拔擢,軟膏,衍,解,常用於,評論者做評論,或,上位者對屬下的欽點,的上下文中"
anonymous,"無記錄,作者不詳的,佚名的,無名的"
another's,NotFoundAnyMeanings
another’s,NotFoundAnyMeanings
antarctic,"南极的,地理,南极地带的,南极洲,南极地区"
antiguity,古老
antiquity,"古老,年代久遠,尤指中世紀前流傳下來的,古代古跡,古物古代的風俗習慣古人們"
apocrypha,"偽經,不足憑信或作者不明的書,源原指新約外傳由七十個人翻譯的拉丁語聖經中的十四卷,由于不是希伯來聖經的一部分而沒有被新教接受為經典,所以稱之為偽經但是羅馬天主教經典接受了其中的十一卷並將其收入杜埃版聖經根,遠離,隱藏,神秘的,隱藏的,遠非珍藏之物偽經,遠離,哭遠遠的哭因為買了偽經,當著大家的面哭太沒面子了反,正經"
apogee--0,"最高點,源,源指天文學上的,遠地點,因為星球離離地球最遠時看起來最高,故為,最高點,衍,反義字,近地點,最低點,字源來來自"
apologize,"賠禮,道歉,認錯"
appall--0,"動詞,使驚恐,使厭惡"
apparatus,"運動器械,器具,儀器機極,組織器官"
appealing,"吸引人的,哀訴似的,懇求似的"
appearing,吸引人的
appeasing,安撫
appetizer,"開胃的食物,開胃小吃"
applicant,"申請人,應徵者"
arabesque,"記阿拉伯,缺阿拉伯特別缺水所以他們用蔓藤圖飾來求雨阿拉伯式圖飾,阿拉伯式圖飾,一種複雜的裝飾性的設計,由花,葉及幾何圖案纏繞在一起,又叫蔓藤花紋,阿拉伯式圖飾,蔓藤花紋"
arbitrate,"記判斷,仲裁,公斷,以仲裁人的方式判決或判斷,例,資方與勞工同意仲裁調停他們尚存的分歧,作出公斷"
arboretum,"植物園,為科學,教育及裝飾目而大量種植植物的地方,根樹,表場所種樹的地方植物園,類,植物園有樹供觀賞鳥舍有鳥供觀賞,不確定,雀類鳥植物園樹木,樹園,植物園"
arcane--0,"神秘的,不可思議的,深奧難懂的"
archetype,"記,原始的,形狀原型,拱,形拱形未出生的嬰兒在媽媽肚子中的形狀就是拱形的,這就是人的原型俗話說人之初,性本善其實,嬰兒們都是我們學習的榜樣典型例子,弓箭手,形狀想象人頭馬的標誌,找一種原始模型的感覺,其實人馬星座就是源於古老的神話,原型,原始模型,典型,最完美的榜樣,原型"
architect,"建築師,設計者,造物主"
ardent--0,"熱心的,熱情洋溢的,激烈的,燃燒般的"
arguments,論點
armistice,"記憶打仗,是,讀替死,打仗就是做替死鬼譬如本拉登手下的聖戰者所以我們倡導任何人都不要再為戰爭而活,為戰爭而死我們要求全球范圍的休戰,停戰,打仗的人,冰士兵都變成冰棍了,只好停戰了,軍隊出錯了停戰,休戰,停戰,經雙方同意暫時停止戰斗,根武器,停止武器停止使用停戰,停戰,休戰"
arrest--0,"阻礙,阻止,逮捕,拘留,抑制,吸引,引人注目"
arresting,"引人注意的,可觀的,可觀的,引人注意的,給人深刻印象的,例,一座引人注意的雕塑,類,炫耀的引人注意討厭的令人厭惡,反,平凡的,老一套的"
arrogance,"傲慢態度,自大類,吝嗇的不揮霍謙恭的不傲慢,傲慢不服從疲倦不激動"
arthritis,"記藝術家,炎症藝術家得的炎症藝術家得的炎症以畫家為例,整天一動不動,畫一動不動的東西不僅在屋裡一動不動,還到山裡,風好大,一動不動這種人能不得關節炎嗎,關節炎,由於關節發炎而導致的疼痛和腫脹,根連結,關節,炎症關節炎,關節炎"
artifacts,"人工製品,手工藝品,加工品"
ascertain,"查明,確定,由事實查明,如通過檢查或試驗,例,我們必須了解當地人民的風俗習慣根朝向,肯定的朝向肯定確定"
asparagus,"蘆筍,龍須菜,一種植物,可作蔬菜或入藥,植蘆筍"
assent--0,"同意,贊成,字根,感覺"
assent   ,NotFoundAnyMeanings
assigning,指定設備
associate,"使發生聯系,使聯合,把,聯想起來,交往,結交合夥人,同事,副的"
assurance,"保證,擔保,自信,把握"
assure--0,"使確信,使放心,向,保証,對,進行保險"
astrolabe,"記星,實驗室在實驗室中用的星盤,星盤,用來測量太陽或其它天體的高度,現已被六分儀取代,類,星盤是航海工具濾器是烹調工具,古代的天體觀測儀,星盤"
astrology,"記星,學科占星學,參,天文學,占星術,以觀測天象來預卜人間事務的一種方術,類,占星術是假天文學煉金術是假化學,占星朮,占星學,以觀測天象來預卜人間事務的一種方朮"
astute--0,"敏銳的,精明的,記法形近,敏銳的,機敏的"
asymmetry,"不均勻,不稱,不對稱"
athletics,"名詞,運動,體育,課"
atrocious,"極其殘忍的,凶惡的例,殘暴的罪行根凶殘類凶惡的是非常壞極為重要的是非常重要"
attaching,"附屬的,附上,依戀,愛慕"
attacking,攻擊
attention,"注意,注意力,關心,關注"
attentive,"聚精會神的,照顧周到的"
attitudes,"可數名詞,態度,意見,看法,莉像母親一般對待這個中國女孩,姿勢,美俚敵視態度,變化形,名複,同義字,態度,意見,看法"
audacious,"大膽的,無謂的,愚勇的,大膽"
austerity,"樸素,節儉,苦行,嚴肅,嚴峻,酸澀"
authentic,"可信的,真實的,可靠的"
authority,"權,權力,職權,權限,當局,官方,權威"
authorize,"授權與,批准,委託代替"
automatic,"自動機械,自動的,無意識的,機械的"
available,"形容詞,可用的,可得到的,有效的"
avalanche,"記讀愛挖爛車西藏可以致富,就連雪崩都是致富的手段有這么一種人特別愛挖爛車去賣錢,雪崩過後就蜂擁而至所以千萬不要開車去拉薩,機場已經建好啦,否則賠了夫人又折車,雪崩,山崩,大塊雪或岩石沿著山坡下滑的現象,例,雪片般飛來的信件,雪崩,雪崩"
avenge--0,"為,報仇,例,他下決心要替父親報仇,根報複參,複仇,複仇,為,報復,報仇"
averse--0,"嫌惡的,反感的,反對的,不樂意的"
awareness,"知道的,察覺的,的衍生的名詞"
awkwardly,"笨拙地,困难地,难看地,尴尬地"
axiomatic,"理所當然的,想當然的"
backslide,"記向後,滑向後滑故態複萌,故態複萌,尤指在宗教中,恢複到罪惡或錯誤上,例,我擔心最近他又故態複萌了,倒退,倒退"
bacterium,"細菌,複數"
baffle--0,"使困惑,使為難,用混淆的方法迷惑或阻止某人作某事,例,這個謎使我困惑,我們成功地阻止了敵人的進攻"
ballerina,"芭蕾舞女演員,尤指女主角,根芭蕾,女,芭蕾舞女"
ballooned,激增
banter--0,"善意地取笑,逗弄,善意的與人開玩笑,記法絆他"
barbarous,"記,倒刺,尖刻話,多身上長滿魚鉤倒刺並且喜歡嚴厲批評別人的人我只能說這種人太野蠻了,太殘暴了,讀叭叭兩個清脆的大嘴巴殘暴的,爸爸多只有可能有一個親爸,別的都是后爸,特殘暴,野蠻的,未開化的,文化和習慣原始的,沒有教養的,殘暴的,例,他受到他們極為殘暴的待遇,野蠻的,殘暴的,粗野的,聲音,刺耳的,沙啞的"
barefaced,"不隱瞞的,公然的,厚顏無恥的,不戴面具的反,秘密的"
barometer,"气象,气压计,晴雨表,显示变化的事物"
barricade,"動詞,設置路障,擋住,名詞,路障,障礙物"
battalion,"記,讀扶他林主治扭傷,拉傷,挫傷和各種關節肌肉疼痛,不僅是劉旋等奧運選手指定用藥,也是營裡最不可貨缺的良藥扶你,扶我,扶他林,打,他,獅子有一只打他的獅子,咱得報仇,一個人打不了獅子,最好是一群人,並且有武裝一個營的人估計夠了,營,大隊,軍隊單位,包含一個指揮部,多個班,連等下屬單位,軍營,軍隊"
beautiful,"美麗的,美好的,極好的"
beginning,"開端,開始,起源"
believing,有信仰的
belonging,"附屬品,攜帶物品,財產"
benignity,"溫和,仁慈,善舉,善行"
betray--0,"出賣,背叛,辜負,暴露"
betraying,"背叛,出賣,對,不忠"
bifurcate,"分兩半,源,分岔成二,衍"
bilingual,"記兩個,語言兩種語言的,能熟練地使用兩種語言的,尤指同樣流利地,字典,書,兩種語言對照的,例,雙解詞典,參,語言學,能說兩種語言的"
biosphere,"記生命,球,圈生物圈,生命層,生物圈,地球及其大氣中能夠維持生命的部分,例,海洋生物圈,參,大氣層,半球,生物圈"
blackmail,"記黑,信寄黑信敲詐,黑函,也叫敲詐函,通過揭露犯罪行為或提供不可信資料威脅強索錢財之物,敲詐,勒索,例,這個人想訛詐職員迫使他幫他取錢,勒索,勒索所得之款,勒索"
blasphemy,"褻瀆,玷污上帝或神靈的行為,言語,態度或文字,尤指宣稱自己具有上帝的特點和權利的行為,參,褻瀆神明的,現象,奇跡,類"
blight--0,"損害,源,最早指農業上,作物疾病,後引申為,不良的影響,從名詞轉成動詞用,記,太刺眼,的光線會損害,眼睛"
blithe--0,"無憂的,歡樂的,快活的"
blueprint,"藍圖,設計圖,周詳的,計劃,製成藍圖,計劃"
bodyguard,"保鑣,侍衛,護花使者"
bombastic,"夸大的,言過其實的例,那個候選人在大肆吹噓反,說話保守地,謙遜的"
bounds--0,"邊界,分界線,界限,範圍"
bountiful,"慷慨给予的,丰富的,充裕的"
brazen--0,"黃銅的,厚顏無恥的例,他們不愿承認失敗,寧肯厚著臉皮干下去參,火盆,黃銅匠,類厚顏無恥的特點是厚臉皮的無表情的特點是冷漠的"
bridle--0,"馬勒,繩,上籠頭,昂首,表傲慢,憤怒等,抑制,欲望"
brilliant,"光輝的,燦爛的,卓越的,才華橫溢的"
broadcast,"廣播,廣播節目,廣播的,廣播,經廣播,四散地,網絡上所有結點都能接收到的一種數據包"
buildings,"房屋,建築物"
bumptious,"盲目自夸的,盲目自大的,傲慢的,記混合了,碰撞,專橫的,喜歡頂撞的專橫的人傲慢的,傲慢的,自夸的,例,對下級態度傲慢,類,嚴厲的不親切沖動的不猶豫傲慢的不謙遜"
burlesque,"諷刺或滑稽的戲劇,以一種不和諧的方式看待事物,使其顯得滑稽可笑的文學或戲劇作品,比如用丑陋來表達高尚或者給一個微不足道的人以虛假的高位顯爵,脫衣舞,類,打油詩是一種諷刺詩諷刺劇是一種諷刺劇"
butterfly,"動蝴蝶,蝶泳"
byline--0,"列作者名字的,報刊文章開頭或結尾"
bypass--0,"動詞,繞過,加設旁道,旁管,名詞,旁道,旁通管,分流術"
byproduct,"記旁邊,副的,產品副產品,副作用,副產品,在製作生產另外一種東西時附帶產生的東西,副作用,附帶的結果,副產品"
bystander,"記旁邊,站立者站在旁邊的人旁觀者,旁觀者,局外人,看熱鬧的人,處于發生的現場但沒有參與,看熱鬧的人,旁觀者"
byzantine,"拜占庭式的,像迷宮似的複雜的,詭計多端的,源原指拜占庭,風格公元世紀在拜占庭帝國發展起來的建築風格,特征是在建築物表面上大量裝飾,特別是在大理石上鏤出紋理,塑出低度浮雕以及用彩色玻璃鑲嵌這種風格在設計上注重形式,其形狀多為正面的,大量使用顏料,尤其是金黃色,通常以宗教為主題,反,簡單的,直接的"
cajole--0,"用甜言蜜語哄騙,用溫和的懇求諂媚來騙人,例,勾引她很難參,甜言蜜語,誘騙,諂媚,類甜言蜜語用于哄騙障礙物用于阻擋"
calibrate,"量,口徑,校準,通過與一標準比較而確定,例,使投票過程標準化參,口徑,品德,才能,測徑器,雙腳規"
cancerous,"癌的,像癌的,癌細胞,步步擴散的"
candidacy,"候選人的資格,源原指穿白衣服的人古羅馬尋求得到官職的人,候選人,所穿的就是白色寬外袍,類,廢除法律取消候選人資格,候選人的地位,候選資格"
candidate,"候選人,職位,申請人,應徵者"
canine--0,"解剖犬齒,犬的,似犬的,犬科的,犬齒的"
canonical,"牧師禮服,法服,依教規的,規範的,被認為聖典的,權威的,典型的"
capillary,"記頭,病頭得病,比如腦血栓,就是血管堵塞的結果,毛細血管,特點是很細,毛細管,毛狀的,毛細作用的"
captivate,"迷惑,吸引,類,吸引人的"
carefully,"小心謹慎地,仔細地"
carnality,肉慾
carpenter,"記吹毛求疵,進入進門時吹毛求疵因為他是木匠,看看門做的好不好,木匠,例,諺什么木匠出什么活,類,分類學家擅長分類木匠擅長建造,鋸是木匠的工具剪刀是裁縫的工具刀是屠夫的工具,木匠"
castigate,"嚴厲懲治,強烈譴責反,贊美,奉承"
catharsis,"記讀卡撒,布蘭卡,一首淨化心靈的情歌,精神的發泄,通過解除自我壓抑和恐懼而緩解緊張和焦慮的方法,感情,受藝術的作用而,淨化,通便,根使淨化,參,瀉藥,淨化肚子瀉藥,醫導瀉,尤指通便,瀉法,精神病,精神或心理,疏泄,宣泄"
cathedral,"記椅子有主教座位的總教堂,貓,他,讀桌貓和他站在桌子前講經大教堂,有主教座位的,總教堂,權威性的,大教堂"
cauterize,"記讀烤他,表動作用烙鐵烤他,燒灼,用腐蝕性物質或烙鐵燒灼表皮組織,目的是消毒或止血,燒灼,烙,使麻木不仁"
celebrity,"名人,名流,名聲,知名"
celestial,"天體的,天空的,天體,地球的,陸地的"
centurion,"記,世紀,一百個,離子統治一百個離子百夫長,百夫長,古羅馬的軍官,他指揮百人戰斗,百人隊長,百夫長,古羅馬的軍官,指揮百人"
certainty,"肯定,確信,有把握,一定,必然"
cessation,"中止,短暫的,中斷,例,停戰,根停止,割讓,讓步,作出讓步或割讓土地后,司法權就中止了,反,堅定不移,開始,動身,開始,停止"
challenge,"挑戰,盤問,向,挑戰,要求,懷疑,挑戰,反對"
chameleon,"變色龍,一種變色蜥蜴,反複無常的人類魚類學家研究,魚爬虫學家研究變色龍"
chaperone,"陪伴,監護人"
character,"字元,字,性格,品質,特性,特徵,人物,角色"
charlatan,"江湖郎中,騙子,對自己的技術或知識夸大其辭的人,源原指大吹大擂推銷商品的人,喋喋不休,類印度神克利須那神像的特征是碾碎江湖騙子的特征是行騙"
chemicals,"化學藥品,化學製劑,化學製品"
cherished,"受喜愛的,珍愛的"
chicanery,"詭計,強詞奪理例,玩卑鄙手段類文雅的不笨拙誠實的不狡詐狡詐的人是聰明的不老練的人是誠實的"
chromatic,"色彩的,有顏色的,彩色的,根顏色,參,彩電顯像管,反,無色的,彩色的"
circulate,"使,迴圈,使,流通,使,流傳,散佈,傳播"
clamor--0,"喧鬧,叫嚷,大聲的要求,喧嚷,大聲的要求"
clearness,NotFoundAnyMeanings
clergy--0,"聖職人員,牧師,神父等,牧師的,神父的,例,衍"
clientele,"總稱,顧客,律師,建築師等的,所有委託人"
climactic,"高潮的,頂點的,導致高潮的,參,高潮,頂點,頂點的,漸層法的,高潮的"
clique--0,"記讀科,裡,缺這種小集團在國家機關的科裡向來不缺,朋黨派系,小集團,小范圍的,排外的朋友或同事,例,財閥,金融集團,類,小集團由密友形成羊群由羊形成,私黨,小圈子,派系,閥,結黨"
coagulant,"記一起,作做到一起凝結計,凝結劑,引起液體或血液凝結的媒介,參,使凝結,共事者,類,抗生素防止感染凝血劑防止流血,凝結劑使變濃使凝結溶劑使溶解,凝結劑,凝血劑"
coagulate,"使凝結,使凝固,醬汁變冷後凝固了"
coalition,"同盟,聯合,記法,共同成長"
coddle--0,"嬌養,溺愛,煮蛋嬌生慣養的人,寶貝子弟,嬌養小孩的人"
codify--0,"將法律,規則編成法典,類"
coerce--0,"強製,通過威脅,恐嚇,強製,使你按某種方法行動或思考,強製地支配或控製例,我靠強迫手段得到了我想要的東西類用甜言蜜語騙使用甜言蜜語敲詐使用強迫"
cogent--0,"論據,有說服力的,使人信服的,無法反駁的,參,說服力,中肯,類使人信服的使人信服令人討厭的使人討厭反,不足以令人相信的"
cognizant,"與連用,認識的,知曉的,例,她知道真相,根認識,類,無知不會是有見識的貧困不會是富裕的,反,遺忘的,不知道的,沒覺察到的,認知的"
coherence,"記,粘著,凝結,緊湊,共同,粘粘在一起,一致性,連貫性,各部分間邏輯有序的,完美的一致,凝聚性,參,連貫的,一致的,粘著的,結合,凝聚,類,脫節的不連貫陳腐的不新,一致"
coin-like,NotFoundAnyMeanings
collected,"記收集,被動把所有的不安因素收集到內心深處沉著冷靜的,泰然自若的,沉著冷靜的,收集成的,收集成的,冷靜的,鎮定的"
collision,"相撞,衝突,抵觸"
colonnade,"柱廊,類,柱廊由柱子組成隊列由人員組成,柱廊"
combative,"好戰的,殺氣騰騰的,鬥志旺盛的"
combining,"使聯合,兼有"
comity--0,"禮貌,禮儀反,敵意,憎恨"
commenary,評論
commingle,"記共同,使混合,攙和,混合,混合"
committed,"對事業,本職工作等,盡忠的例,我是一名有獻身精神的老師類"
commodity,"日用品,商品,有用的物品"
commotion,"記共同,運動,共同運動動亂,騷動,公民的,暴動,例,民變,參,動機,提升,增加,類,狂叫是一種騷亂閃光是一種照明,反,寧靜,騷動,暴亂"
companion,"朋友,陪伴,指南手冊,升降口,陪伴"
comparing,比較
compel--0,"推動,強迫,脅迫,迫使"
competent,"能幹的,勝任的,有權能的,足夠的"
complaint,"抱怨,訴苦,抱怨,怨言,申訴,控告,疾病"
compliant,"順從的,傾向于或愿意遵從的,參,柔順的,懇求的,服從,聽從"
complying,"對要求,命令等依從,順從,遵從"
component,"組件,組成部分,分,分量,元件,組成的,合成的"
composure,"鎮靜沉著,自我克製類謹慎的人謹慎鎮靜的人鎮靜沉悶的使人失去精力擾亂的使人失去鎮靜"
concerned,"掛慮的,擔心的,有關的,參與的,關心的"
concerted,"記源于音樂會是需要很多演奏家配合的,商定的,共同計劃完成的,互相配合的,例,采取一致行動,反,單獨設計的,商議定的,協定的,樂協調的"
concludes,總結
condition,"條件,狀況,情況,地位,調節,制約,以,為條件"
confer--0,"討論,商談,贈與,記法,共同,帶來,提出問題共同討論"
confirmed,"被証實的,根深蒂固的,固定的"
conflicts,衝突
confusing,"令人困惑的,難懂的"
confusion,"混亂,混淆,無秩序"
congruous,"一致的,符合的,數全等的"
connected,"形容詞,有關連的,連在一起的"
conquered,"征服,克服"
conscious,"有意識的,自覺的,有意識的,神志清醒的"
conscript,"強行征兵參,指示,命令,處方,聖經,聖書,類,傳票召証人征兵召士兵自動移居和強行驅逐自動從軍和強行征兵"
consensus,"一致同意,多數人的意見,輿論"
constrict,"壓縮,束緊,使收縮,壓縮"
construct,"構造,建造,想出,作圖構成物"
contented,"滿足的,知足的,滿意的"
continent,"大陸,洲,自製的,克制的"
continues,"繼續,持續"
contrived,"顯然是精心設計好的,矯揉造作的,類,精心設計好的設計,人為的,做作的"
converted,轉換過的
convinced,"確信的,有堅定信仰的"
cooperate,"合作,協作,事物,配合"
copiously,豐富地
corporate,"全體的,團體的,公司的,法人的"
corporeal,"記軀體,真的軀體有形的,肉體的,肉體的,物質的,有形的,反,精神的,無形的,無實質的,非實質的,肉體的,人體化的,肉體的,物質的,有形的"
corpuscle,"記軀體,小東西軀體裡的小東西細胞,孤立活細胞,如血球細胞,淋巴細胞,微粒,如光子,電子,血球,物理微粒"
corrected,改正過的
corroding,"侵蝕,損害"
corrugate,"記共同,皺紋,使起皺,共同,小地毯,吃在小地毯上吃飯,屁股肯定比較扎,所以就老動,然后小地毯就起皺了,使,起波浪形,使,起皺紋,參,內臟的皺紋,多皺的,成皺,皺狀,弄皺,起皺,使,成波狀"
costly--0,"形容詞,昂貴的,代價高的"
courteous,"形容詞,有禮貌的"
craven--0,"懦弱的,畏縮的,懦夫,類,懦夫是懦弱的易受騙者是輕信的,懦弱的不是英勇的易變的不是不變的永久的不是不穩定的"
creatures,"生物,动物,的名词复数,人"
crescendo,"記成長,上升,表示音樂音樂漸強,漸強,在一個樂段中音量或聲音的強度逐漸增強,高潮,逐步增強至強度,力量或音量的最高點,參,新月,月牙,逐漸增加的,類,聲音漸強是加強聲音加速是加快速度,反,聲音減弱,聲音漸增"
criterion,"批評判斷的,標准,准據,規范"
criticism,"名詞,批評,評論"
criticize,"動詞,批評,批判,苛求"
crudeness,NotFoundAnyMeanings
cryogenic,"記,致冷劑,冷凍,產生製冷劑,哭,產生哭的時候會消耗大量的熱能,所以哭完了就會產生一種冷的感覺,所謂哭得發抖就是這個道理,低溫的,需要或適合,低溫存儲的,低溫學的"
culminate,"到達頂端,衍,解,常指事情的發展到達頂峰,最精彩的部分"
cultivate,"動詞,栽培,作物等,養殖,魚等,培育"
curiosity,"好奇心,求知慾,引起激發滿足某人的好奇心,奇品,珍品,新奇罕有的事物,像我擁有的這種車如今實屬罕見了"
curiously,"奇怪的是,說來古怪,好奇地"
currently,"當前,普通地,通常地,現在"
custodian,"保管人,監護人,公共建築看守"
customary,"習慣的,慣常的,原來的"
cynically,"愛嘲笑地,冷笑式地"
dabble--0,"玩水,潑濺,涉獵,濺濕"
damper--0,"愛挑毛病的人,譏誚話,增濕器,阻尼器"
dangerous,"危險的,不安全的,招致危險的"
daredevil,"魯莽大膽的,人,類大膽者大膽不滿者不滿魯莽的人不會謹慎傻子不會有聰敏"
dearth--0,"缺乏,短缺,尤指飢荒,反,充斥,過剩,多血症,充分,大水,很多的,豐富的"
debunk--0,"揭穿,的真面目,證明,為假"
deceitful,"騙人的,欺詐的,虛假的,誤導的"
deceiving,欺騙
deception,"欺騙,欺詐,隱瞞,他騙取錢財的罪名被判成立"
deciduous,"非永久的,短暫的,脫落的,落葉的"
decimated,元氣大傷
declivity,"下坡,倾斜"
decompose,"使某物,變壞,腐爛"
decorated,"裝飾,打扮,粉刷,授予獎章表揚"
dedicated,"專用於,的,專注的,致力的"
deduce--0,"推論,推斷,推理,演繹"
deduct--0,"動詞,扣除,減除"
deduction,"減除,扣除,減除額,推論,演繹"
deductive,"推論的,推斷的"
defeating,擊敗
defeatist,"失敗主義者,對失敗無可奈何的接受,類,堅持細節者是苛刻的失敗主義者是聽天由命的,失敗主義者"
defendant,"記,保護,保護自己被告,參考,原告,被告,被告,辯護的,為自己辯護的"
deficient,"有缺點的,有缺陷的缺乏的,不足的"
defuse--0,"從,爆破裝置,中卸載引信,緩和緊張狀態或危急局面"
dehydrate,"記去掉,水脫水,脫水,除去水分,脫水保存,通過使,蔬菜等,脫水來保存,參,水龍頭,無水的,類,解毒去除毒素脫水去除水,脫水減少水衰退減少精力褪色減少亮度,使,脫水"
delirious,"精神錯亂的,極度亢奮的"
delivered,包括交貨費用在內的
delude--0,"欺騙,迷惑,蠱惑"
demagogue,"煽動政治家,尤指利用情緒或偏見煽動民眾,以期獲得領導地位及達到私人目的的人"
demean--0,"羞辱,貶低,全家人都因他的行為而蒙羞"
demise--0,"死亡,君權的轉移或授與,讓位,禪讓,讓渡,遺贈,轉讓"
departing,"出發,離開"
departure,"離開,出發,違背,偏離,發射"
dependent,"形容詞,依靠的,依賴的,名詞,受撫養者"
depict--0,"動詞,描畫,雕出,描述"
depicting,描繪
depletion,"名詞,消耗,用盡"
depravity,"記下,壞向下變壞墮落,是人性被剝奪的結果,墮落,道德敗壞,參,墮落的,邪惡的,剝奪,類,消沉缺乏活力墮落缺乏美德,墮落"
depredate,"掠夺,劫掠"
depressed,"形容詞,沮喪的,消沈的,憂鬱的,使沮喪,的過去式及過去分詞"
depresses,NotFoundAnyMeanings
deride--0,"嘲笑,輕蔑地,源,衍,例"
descry--0,"遠遠看到,通過仔細觀察,發現,辨別,很難察覺的東西,區,譴責,大聲疾呼,剝奪"
desecrate,"記壞,神聖破壞神聖褻瀆,壞,色,板條箱破壞裝有神物的五顏六色的板條箱褻瀆,玷污,把神物供俗用,褻瀆,參,用作祭祀,使神聖,反,尊崇,尊敬,使,神聖,褻瀆,污辱,把,神物,供俗用"
deserving,"該受的,值得,的,有功的功過,賞罰"
desiccate,"使完全幹燥,脫水,幹燥貯存食物,枯燥的,乏味的"
designate,"指定,任命,指明,指出,已受委派尚未上任的"
desirable,"稱心的,中意的,理想的,希望的"
despot--0,"專制君主,暴君,史,拜占庭皇帝及其家屬的名譽稱號,后來其家臣也使用"
despotism,"同,獨裁,專制,專制政治"
destroyed,"破壞,的過去式和過去分詞,毀滅,消滅,殺死"
desuetude,"記不,適合不適合廢止,參,適當的,不,不用,廢止,不用,廢止,不用"
detect--0,"察覺,發覺,偵查,探測,對,檢波"
detergent,"形容詞,去垢的,使潔淨的,名詞,洗潔劑,洗衣粉"
determine,"決定,決心,確定,限定,測定,使決定,決定,決心"
detest--0,"憎惡,痛恨,嫌惡"
detour--0,"彎路,繞行的路一條代替幹道的臨時使用的路"
devastate,"摧殘,蹂躪,壓垮"
developed,"形容詞,國家,地區,發達的,先進的,成熟的"
deviating,偏離
deviation,"偏離,出軌,背棄"
deviously,"彎曲地,狡猾的"
devoid--0,"缺乏的,沒有的,缺乏幽默的世界"
dexterity,"純熟,靈巧,右邊的,熟練的"
dictum--0,"記說,權威性的正式的,聲明,格言,格言,律,法官的附帶意見"
different,"不同的,差異的,後接,一般用法"
differing,NotFoundAnyMeanings
difficult,"形容詞,指任務需要精力或技術的"
digestion,"名詞,消化,知識等的,領悟,吸收"
dignified,"有威嚴的,顯貴的,高貴的"
diligence,"名詞,勤勉,勤奮"
dilute--0,"冲淡,变淡,变弱,稀释,淡的,弱的,稀释的"
dimension,"尺寸,次元,容積,維數,表出尺寸"
diplomacy,"外交,外交手腕,權謀"
direction,"方向,方位,用法說明,說明書,管理,指導,指揮"
discarded,被丟棄的
discharge,"卸,流出,排出,放,發射,釋放,解雇,使免除,使卸脫卸貨,流出,排出,放電"
discovery,"發現,發覺,被發現的事物"
disengage,"使自由,解放,解開,脫離,斷絕關系"
disfigure,"記,外形,輪廓,圖形,數字,毀壞,的面容或外形,使變丑,損傷外貌,使變丑"
dishonest,"不诚实的,不老实的,不正直的"
disinfect,"記,傳染,感染,殺菌,消毒,使帶病菌的微生物無法生長,參,殺菌劑,用高溫,輻射或化學藥劑,類,油可以潤滑殺菌劑可以消毒,防腐劑消毒麻醉劑使麻木,消毒"
dismantle,"拆除,的設備,分解,去除覆蓋物"
dismay--0,"沮喪,驚慌,使沮喪,使驚慌"
disparity,"不平等,不等同,差異,正在加劇的貧富懸殊"
dispel--0,"消除恐懼,掃除疑慮,打消錯誤念頭,我想在演講的開頭先澄清一些近期流傳的謠言"
dispersed,"被驅散的,散布的,類,凝塊被溶解人群被驅散,被驅散的,被分散的,散布的"
displease,"動詞,使不高興,得罪"
disrepute,"名聲,壞名聲,不光彩名聲"
dissenter,"不同意者,反對者,非國教派的人"
dissolute,"記消除,溶解了的,精力被溶解了的放蕩的,不,獨身不是獨身的放蕩的,放蕩的,無節製的,缺少道德限製並沉溺于性快樂中,區,可溶解的,類,放縱者是放蕩的奉承者是逢迎的,放蕩的,風流的,肆意揮霍的"
dissolved,"被溶解的,被解散的,類,凝塊被溶解人群被驅散"
disturbed,"扰乱的,为心理失常者而设的,干扰"
diversity,"多樣化,人在種族,民族,宗教等方面的,多樣性分歧"
divert--0,"使某事物從一條道路或方向轉向,轉移,的注意力,娛樂把注意力從煩惱上轉移開"
docile--0,"聽話的,容易教的,馴良的,溫順的"
dominance,"優勢,支配地位,控制力"
dominated,"中等的,中等木"
drenching,濕透
dyspepsia,"記不良,消化,病一消化不良,不良,百事可樂,病可樂喝多了消化不良,消化不良,醫消化不良,胃弱"
dyspeptic,"消化不良的,郁悶的,反,親切的,快樂的,醫,消化不良的,胃弱的,患胃病的,消化不良的人"
eagerness,"渴望,殷切,熱忱"
earnestly,"認真地,熱心地,正經地"
easygoing,"脾氣隨和的,溫和的,不慌不忙的"
eavesdrop,"記,屋檐,滴,在屋檐滴水的地方偷聽,偷聽,竊聽,偷偷地聽別人的談話,類,偷聽是偷偷聽別人談話侵入是偷偷進入別人領地尾隨是偷偷跟隨,串通是不好的合作偷聽是不好的聽,偷聽,屋檐水"
eccentric,"形容詞,人,行為等,古怪的,名詞,古怪的人"
ecologist,"生態學家,生態學者"
education,"教育,教育學,訓練,培養"
efface--0,"抹去,擦掉,消除,整個國家都曾試圖將那段獨裁歷史從記憶中抹去"
effective,"有效的,生效的,給人印象深刻的"
effluvium,"氣味,惡臭,廢料,記,向外,流動,惡臭,向外面擴散流動"
effulgent,"燦爛耀眼的,根閃耀,流流光異彩,參,光輝燦爛,類,無用的無用燦爛的燦爛"
elaborate,"精細的,詳盡的,精心的,詳細地說明,用心地製作,推敲,變復雜"
elated--0,"興高采烈的,喜氣洋洋的,歡欣鼓舞的,據報道,王子喜得千金"
elicit--0,"引出,抽出,引起,誘答出"
eliciting,引發
eliminate,"除去,排除,剔除,消除"
elocution,"演說術,在演講中強調風度,用詞和表達的藝術,演講的風格,根說,參,累贅的陳述,多話的,雄辯朮,演說法"
embarrass,"使困窘,使局促不安,阻礙"
embody--0,"具體表達,使具體化,包含,收錄"
embroider,"記,刺繡,英國恩寶,曾經是曼聯的運動服贊助商,其標志使兩個嵌套的菱形,各大商場均有銷售,這個東西就是刺繡在衣服上的,刺繡,用針錢活裝飾,渲染,參,刺繡品,類,在布上刺繡在金屬上雕鏤,刺繡,鑲邊,裝飾,給,添油加醋,繡花"
emollient,"潤膚劑,軟化和緩和皮膚的藥,參,平息,使柔軟,類,緩和劑用來緩和發電機用來發電,潤膚劑有柔軟作用干燥劑有干燥作用"
emotional,"情緒化的,激動的,情緒的,感情的"
emphasize,"強調,加強語氣,著重"
empowered,"經過授權的,形容詞"
enamel--0,"記出,名想出名容易先把一口牙作上水晶烤瓷,北京平均價元顆,再涂上指甲油,琺琅,牙表面的硬的鈣質層,瓷漆,在金屬,玻璃或瓷器上不透明的,保護性或裝飾性的覆蓋層,指甲油,類,琺琅是牙齒的表面樹皮是樹的表面,琺琅,瓷釉,指甲油,涂以瓷釉,彩飾"
enchanted,"陶醉的,著了魔的,入迷的,施過魔法的,施魔法,使入迷"
encomiast,讚美者
encompass,"包圍,環繞,包含或包括某事物"
encounter,"動詞,遭遇,敵人,遇到,困難,危險等,名詞,遭遇,衝突"
encourage,"鼓勵,支援,激勵"
endearing,"記,昂貴的,親愛的,惹人喜愛的,參,親愛,鐘愛,引起愛情的,可愛的,令人鐘愛的"
endurance,"名詞,忍耐,耐久力"
endure--0,"忍受,忍耐,容忍,持久,持續,忍受,忍耐"
energetic,"精力旺盛的,精神飽滿的"
enigma--0,"難以解釋的事物,謎,記法,難以理解的"
enigmatic,"謎一般的,難以捉摸的參,謎,不可思議的東西,類,高深莫測的過分單純化的反,清楚的,廣泛知道的,廣泛接受的,易懂的"
enlighten,"授予,知識,啟發,啟蒙,開導,教導"
enmity--0,"根深蒂固的,相互的,敵意,仇恨,區,友好,親善,我家的大花貓阿瞇反,同志之愛,友情,禮讓,禮儀,團結,和諧一致,和睦"
enrapture,"記,全神貫注,興高采烈,使狂喜,極高興的,使狂喜,反,狂喜的,冷漠的,使狂喜"
entail--0,"使必需,使蒙受,使承擔,遺傳給限定繼承權"
entangled,被纏住的
entice--0,"誘騙,引誘,慫恿"
entity--0,"實體,獨立存在體,實際存在物"
enumerate,"記,數量,數字,列舉,枚舉,逐一清點,決定數目的多少,列舉"
enunciate,"發音,準確,系統,清楚地,表達,闡述參,宣布,通告,譴責,發音,闡明,類,發音是說詞語描繪是畫線條"
epidermis,"記在,外,皮膚表皮,植物或動物的一層保護性,表皮,外胚層,參,皮膚病學,類,哺乳動物和表皮針葉樹和樹皮,生表皮,上皮"
equate--0,"動詞,用符號表示某種關係,等同"
equipment,"裝備,設備品,才能"
eradicate,"根除,撲滅,根絕,消滅"
errand--0,"差使,差事,跑腿,當差"
errant--0,"錯誤的,偏離適宜軌跡或標準的,漫無目的的,為尋求冒險經歷而漂流,游蕩的,類誤入歧途的偏離正道異端邪說的偏離教條無定型的偏離形狀,離題偏離主題周游不定的偏離標準"
erstwhile,"古以前,往昔地,以前的,往昔的"
eschew--0,"避開,遠避,哈秋,避開"
esophagus,"食道,食管,食道"
espionage,"記,間諜,作詞根是,看,的意思,間諜活動,目的是得到政府或商業競爭者的秘密信息,間諜,偵探"
essential,"必要的,必不可少的,本質的,基本的要素,要點"
esteem--0,"尊重,尊敬,贊成的尊敬類,鞠躬表示尊敬擁抱表示愛尊敬過分使盲目崇拜贈與過分使行賄,褒貶,激怒大怒稱贊尊敬,同義,反,恥辱,尊"
estimable,"值得尊敬的,可估量的,反,聲名狼藉的,可鄙的,可尊敬的,可估計的,古可貴的,有價值的"
estimated,"估計,判斷,估計,判斷,評價"
estranged,"疏遠的,分開的,分離的"
etiquette,"禮儀,禮節,由社會習俗或權威規定的慣例"
etymology,"記,字的原形,詞源,字根,詞源,詞源學,語源,語源學"
evaporate,"使某物,蒸發,揮發,消失,使脫水,沉澱類,蒸發產生蒸汽石化產生石頭易揮發的容易揮發易溶解的容易溶解"
evasively,NotFoundAnyMeanings
exactness,"確切,精確,精密"
examining,"檢查,調查,審問"
excavated,出土
exceeding,"超越的,勝過的,非常的,極度的"
excellent,"出色的,傑出的,優等的"
excessive,"過度的,過分的,極度的"
exclusive,"排外的,排他的,專有的,清一色的,不包括的"
excursion,"名詞,遠足,短途旅行"
excursive,"記出,跑跑離題的,離題的,散漫的,隨意的,類,離題的特點是離題的反複說的特點是多余的,離題的,散漫的"
execrable,"記出,哭,能能讓你出去哭得人是極壞的,極壞的,該咒罵的,反,值得表揚的,值得稱贊的,該咒的,可憎恨的,討厭的,惡劣的,壞透的"
exemplary,"可仿效的,可做模范的,警戒性的,懲戒性的"
exempt--0,"免稅者,被免除義務者,免除的,使免除,豁免,出,拿,買"
exhausted,"疲憊不堪的,筋疲力盡的,用光的,耗盡的"
exhort--0,"力勸,勉勵,用強烈令人刺激的勸告或懇求來激勵,懇求類,力勸對建議激勵對指導,痛罵,憎恨,憎惡,詛咒,詛咒"
existence,"存在,生存,生活,生活方式"
exodus--0,"大批離去源聖經舊約中出埃及記原指以色列人離開埃及出,路順著大路出去大批離去反,流入"
expanding,"擴張,展開,張開"
expansive,"健談開朗的,指人愿交往的,開放的,可擴大,伸展的,具有膨脹的能力或趨勢的,類,侵入可擴張的反,保留的,保守的,沉默的"
expatiate,"記空間占用很大空間詳述,漫游,出,寵物出門帶著寵物漫游,源于,詳述,擴張,中間有拍地,一邊拍地一邊講,說書的詳述,回憶,諧調的,一致的,大家一起拍地,詳述,詳細地敘述或描寫,自由地到處,漫游,詳述,細說"
expertise,"專家的意見,專門技術"
explicate,"詳細說明,解釋,說明,引伸"
explosion,"爆炸,爆發,發作"
explosive,"炸藥,爆炸物,易爆發的,爆炸的,暴躁的"
expose--0,"使暴露,受到,使曝光,揭露,揭發"
expressed,表達
expressly,"明顯地,明確地,特意地,特地"
expurgate,"刪除,使純潔,在出版前刪除錯誤的,粗俗的,淫穢的東西,參,清洗,淨化,源于,純潔,類,賣主供給檢查員刪除反,無法除去,除去"
exquisite,"優美的,高雅的,精致的,劇烈的,異常的,細膩的,敏銳的"
extant--0,"現存的,未失去的或未滅絕的,反,滅絕的,錯過的,不見的,缺少的"
extortion,"敲詐,勒索,強求"
extremely,"極端地,極其,非常"
extremist,"極端主義者,過激分子,極端主義的"
extricate,"使解脫,拯救,使免除糾纏或困難,參,複雜難懂的,詭計,反,使纏上,卷入,連累,使陷入,陷入,泥潭"
extrovert,"記外,轉向外轉的人性格外向者,性格外向者,對其他人或環境感興趣的人,參,格性內向的人,外向,外傾,類,獨行俠不會一致性格外向者不會含蓄,性格外向者是外向的完美主義者是苛,性格外向者"
facade--0,"門面,正面,外觀,虛設的外表"
facile--0,"表面的,淺嘗輒止的,容易的,唾手可得的"
facsimile,"名詞,摹寫,真,本,傳真"
fail-safe,"自動防故障裝置,自動防故障裝置的,類,自動防故障裝置故障,自動防故障裝置,自動防故障裝置的"
faithless,"無信義的,靠不住的,無信仰的"
falsehood,"謊言,謬誤,缺少真實和實在,類用証據証明用謊言誹謗"
fascinate,"令人入神,使著迷,入迷"
fathom--0,"英尋,英尺,米,用于測水深,徹底了解,對別人的意思的本質的領會,類博學的容易徹底了解遺忘的容易忽視反,可測量的,無法測量的"
favorable,"稱讚的,有利的,適合的"
favorably,"順利地,親切地,好意地,適宜地"
fecund--0,"多產的,生殖力旺盛的,富饒的,膚沃的,創造力旺盛的"
fecundity,"果實多產,富饒,繁殖力,創造力反,剝奪,扎牢,扣住,閂住,拴緊,使固定,系,集中于,強加于,扣緊,抓住"
feisty--0,"雖然年老或有病在身,但仍,精力充沛的,強硬的"
ferocious,"極端的,劇烈的,激烈的,爆發性地,兇猛的,殘暴的"
fertilize,"受精,受粉,施肥參,肥沃的,能繁殖的,化學肥料,肥沃,多產,生產力,類,膠水用來密封肥料用來施肥施肥的目的是使成長免疫的目的是使抵抗"
fervently,"熱心地,熱烈地"
fervor--0,"熱誠,極大的熱情,熾熱,類,狂熱者熱情懷疑者懷疑浪費者浪費,無聊不是熱情的熱心不是冷漠的,反,冷漠,狂熱行為"
fester--0,"傷口,潰爛,化膿,使怨恨,使衰敗反,醫治,治愈"
fickle--0,"在感情等方面,變幻無常的,浮躁的,薄情的"
fictional,"想像的,虛構的,虛構的故事"
financial,"財政的,經濟的,財務的,金融的"
fixate--0,"視線移向,注視,使固定,注視,凝視,集中,眼,力"
flammable,"記火,能易燃的,易燃的,可燃的,注,易燃的,易怒的,類,易碎是容易打碎易燃的容易燃燒,易燃的,可燃性的"
flatterer,"拍馬屁的人,阿諛者,諂媚者"
flaunt--0,"誇耀,解,姑姑,系列列單字有,使害怕,誇耀,嘲笑,吹牛,憔悴的"
flinch--0,"記,英寸,一寸寸向后飛退縮,于驚奇或疼痛或從一些令人不愉快的或困難的事中,畏縮,退縮,區,偷竊不貴重的東西,污穢物,雀類,類,滑稽的使人發笑恐怖的使人畏縮,畏縮,退縮,畏首畏尾,退縮,畏縮"
flippancy,"無禮,言語輕浮尖刻反,認真嚴肅,清醒,嚴肅,莊重"
floodgate,"防洪閘,控製水流的門,水門,河流,運河的,水閘,防潮水閘"
florid--0,"鮮紅色的,氣色好的,華麗的"
flustered,"心煩意亂的,慌張的,緊張的,她似乎有點緊張"
following,"下列各項,部下,黨羽,下列的,其次的"
foment--0,"煽動,助長,壞事,類傳播使消息擴散煽動使不滿擴散,助長的煽動激勵的激勵反,抑製,約束,鎮壓,壓製"
foodstuff,"記,原料,塞滿,填充,食料,準備用來製作食物的物質,食品,糧食"
foolhardy,"有勇無謀的,莽撞不明智的"
foolishly,"愚蠢地,可笑地"
foolproof,"記,証據,防,的,檢驗,防傻瓜的,傻瓜用的,不受人的無能,錯誤,濫用而設計的簡易而不會誤用的,如傻瓜相機,絕無謬誤的,參,徒勞無功的工作,類,絕無謬誤的不會出錯密封的不會泄露,十分簡單的,十分安全的,極堅固的"
footloose,"記,寬松的,散漫自由的,自由自在的,無束縛的,任意做喜歡的事的,類,大膽的不膽小自由的不依附不熟練的不熟悉,反,非獨立的,附著的,自由自在的,到處走動的"
forage--0,"饲料,草料,搜索,花了好幾百年的時間,覓食是一輩子的事,糧草,搜尋,掠奪"
forefront,"最顯要的位置,最重要的地位"
foresight,"先见,预见,深谋远虑,瞄准器"
forgiving,"寬大的,不責難的,慈悲的"
forgotten,"的動詞過去分詞,忘記,忽略,忽視,怠慢"
formality,"拘謹,禮節,儀式,正式手續,拘泥形式"
fortitude,"在痛苦,困难前表现出的,坚毅,坚韧不拔"
fortunate,"形容詞,幸運的,僥倖的"
fossilize,"使成化石,使陳腐,變成化石,變陳腐,固定化"
foster--0,"養育,撫育,培養,鼓勵,抱,希望,養育者,鼓勵者"
fragrance,"香氣,芬香"
framework,"結構,骨架,組織,機構"
frenzy--0,"狂亂,極度激動的狀態,類痙攣是收縮加劇瘋狂是感情加劇狂暴使平靜放任禁止,反義"
frequency,"頻率,周率,頻繁,屢次"
freshness,"新鮮度,精力恢復,茶點"
frigidity,"記,寒冷的,婦女缺乏性感的,根冷,寒冷,冷淡,性冷淡,長期對性交反感,類,濕透的是特別濕非常高興的是特別高興嚴寒的是特別冷,濕透的是十分潮濕的嚴寒的是十分冷的,反,炎熱,悶熱的,寒冷,冷淡,醫性感缺失"
frivolity,"輕浮,輕薄的舉動,或言談"
frugal--0,"節約的,節儉的,不貴的類過分節儉是吝嗇的過分服從是諂媚的過分堅定是頑固的過分節儉是吝嗇的過分自信是自大的小氣是過度節儉狂妄自大是過分驕傲多管閑事是過"
frugality,"節約,節儉,類,獻媚的是過分關心吝嗇的是過分節儉,反,放蕩,肆意揮霍,揮霍,節儉,儉省"
frustrate,"挫敗,擊敗,破壞,無益的,挫敗的,挫折的"
fungicide,殺菌劑
furiously,"狂怒地,猛烈地"
furtively,"偷偷摸摸地,暗中地,反,率直坦白地,偷偷地,暗中地"
fusillade,"記,火槍手,導火索,表示進攻性能使你生病的具有進攻性的東西齊射,連發,槍炮,齊射,連發,大批火器同時連續急速地發射,參,手榴彈,長篇激烈的演說,改革運動,類,船只組成艦隊投射物,槍炮的齊射,猛射,連續射擊,齊射"
futile--0,"無用的,瑣細的,無效果的"
garrulity,"嘮叨,饒舌,反,沉默寡言,饒舌,多嘴"
gaucherie,"記讀狗吃屎,笨拙不老練的行為,方式或表情,缺少訓練的笨拙,類,文雅的不粗魯誠實的不狡詐,刺耳是難聽的聲音笨拙是難看的技巧,笨拙"
gazetteer,"記,報紙,政府的公報,學報,引申為地名詞典,注視,著發現那裡都沒去過流滿面,地名詞典,地理學的辭典或索引,地名辭典,記者,公報記者"
generally,"廣泛地,普遍地,通常,一般"
generator,"生殖者,發電機,創始人"
genial--0,"和藹的,親切的,友好的"
geniality,"溫和,舒適,親切"
genome--0,"記,基因,生基因組,染色體組,生基因組,染色體組"
genuinely,"真誠地,誠實地,真的,地"
germicide,殺菌劑
gestation,"妊娠,妊娠期,孕育,醞釀"
gladiator,"記源于,古羅馬軍隊的短劍,高興,病,人一生病就高興的人角斗士,就是,神鬼戰士,啦,因為不用殊死搏斗了,職業,角斗士,或在古羅馬圓形大劇場裡的奴隸被培訓與另一個人或野獸進行殊死搏斗以供公共消遣,類,律師在法庭上爭辯角斗士在競技場上打斗,古羅馬公開表演的格斗者,通常都是奴隸和俘虜,精于辯論和格斗的人,職業拳擊者"
gloomiest,NotFoundAnyMeanings
gloomy--0,"幽暗的,令人沮喪的,憂鬱的,沒有希望的"
glutinous,"記源于,膠,膠水,而不是,粘的,膠狀的,反,無粘性的,粘性的"
goldbrick,"記金,磚金磚都不撿,真懶,稱病,以義務或責任,偷懶,逃避勤務的士兵,開小差的人,類,規避避免回答問題稱病避免從事工作,稱病,欺詐,偷懶,假金磚,懶漢,贗品"
governing,"控制,操縱,調節"
gradation,"逐漸的變化,階段,程度"
gradually,"逐漸的,逐步的,的衍生的副詞,副詞,逐步地,漸漸地"
graduated,"按等級,高度,困難等,分的"
grassland,"名詞,牧草地"
gratitude,"名詞,感激之情,感恩,感謝"
greatness,"大,巨大,高尚,偉大"
grievance,"不平,委屈,不滿,抱怨,牢騷"
grotesque,"奇形怪狀的,奇異,奇形怪狀的人,或物,圖案等,奇異風格"
grudge--0,"勉強給予,不情願做,怨恨,怨恨,嫌隙,妒忌"
grumbling,牢騷
guarantee,"擔保,抵押品,保証書,保証,擔保"
guileless,"毫不狡詐的,天真無邪的,反,操作的,耍手段的,不狡詐的,坦率的,正直的"
gustation,"記原指美味和個人癖好,品嘗能力,味覺,參,愛好,高興,嘗味的,味覺的,類,嗅覺辨別氣味味覺辨別味道,嘗味,味覺"
gustatory,"有關味覺的,品嘗的"
habituate,"使習慣於,使熟習於"
haltingly,"遲疑不決地,吞吞吐吐地"
hamper--0,"食盒,食籃,阻礙物,阻礙,使困累,妨礙"
hankering,"記讀喊渴手裡拿著,耳環,渴望著老婆,老公從美國回來,喊得都渴了,讀漢克斯大家都渴望見到湯姆漢克斯,渴望,熱望,反,憎惡,討厭,不寄希望,渴望"
happening,"事件,偶然發生的事"
happiness,"幸福,高兴,恰当,合适"
harrow--0,"記讀肉,只有使遭受巨大的悲傷和折磨,才能有特別的肉,耙,用于打碎攤平犁過的泥土的農具,使遭受巨大的悲傷和折磨,區,使神聖,連都了,洞,窟窿,參,痛心的,悲慘的,反,減輕,緩和,平息,耙,地,使精神痛苦,耙掘,傷害,使苦惱,被耙松"
harrowing,"十分痛苦的,令人害怕的"
harshness,"粗糙,冬,嚴酷,嚴厲"
hatefully,NotFoundAnyMeanings
haughtily,NotFoundAnyMeanings
healthful,"有益健康的,使人健康的,衛生的"
hectic--0,"臉上發紅,發熱的,消耗熱的,肺病的臉紅,消耗熱患者"
herald--0,"使者,傳令官,先驅,預報,宣佈,傳達,歡呼"
hesitance,"躊躇,猶豫,類,沖動的不猶豫無法鎮壓的不順從的吝嗇的揮霍,猶豫是一種不愿意狂妄自大是一種驕傲,反,樂意,敏捷,刺激,沖動,躊躇,猶豫"
hibernate,"某些動物冬眠,這種龜每年會在淺地洞裡冬眠六個月"
hierarchy,"階層,等級製度參,僧侶的,神廟,聖地,類,梯隊層次"
hinder--0,"后面的,阻礙,打擾"
histology,組織學研究細胞之學科
homily--0,"說教,冗長乏味的道德講演或訓誡,講解聖經的,布道,類,寓言是一種故事說教是一種演講,宗尤指講解聖經的布道,冗長乏味的說教"
hubris--0,"過分自傲,盛氣凌人,自以為是類,狂妄是過分驕傲奉承是過分贊揚吝嗇是過分節儉的狂妄是過分驕傲猶豫是過分不愿意反,謙卑"
humankind,"人類,總稱"
humble--0,"卑下的,謙遜的,粗陋的,使,卑下,挫,貶抑"
humiliate,"使丟臉,使蒙羞,屈辱"
hurricane,"颶風,颶風般的事物,引起動盪的事物"
husbandry,"節約,農業,家禽飼養業類節約不浪費敏捷不延遲反,浪費,揮霍,廢物,浪費"
iconodasm,破除迷信
identical,"同一的,完全相同的,相等的,有同一原因的,有同一來源的"
ignorance,"名詞,無知,不學無術,愚昧"
illegally,"非法地,違法地"
illogical,"不合邏輯的,無章法的"
imaginary,"想象中的,假想的,虛構的,幻想的,虛數的"
imbibe--0,"飲,喝,吸收,接受思想,知識等"
imbroglio,"混亂複雜的局面,尷尬的處境,糾葛,一團糟,複雜的情節"
imitating,"模仿,效法,冒充"
imitation,"模仿,效法,冒充,贗品,仿造物"
immediate,"直接的,最接近的,緊靠著的,立即的,直覺的"
immensity,"無限,廣大,巨大"
immune--0,"免疫的,免除的,不受影響的免疫者"
impart--0,"分給,給予,傳授,傳達"
impatient,"不耐煩的,急躁的,忍受不了的,急欲的,急切的"
impede--0,"妨礙,拖延或阻擋,的進程,參,蜈蚣,腳病學,妨礙,口吃,類甜言蜜語為了哄騙障礙為了阻礙反,援助,幫助,教唆,支持"
implement,"工具,器具,實現,使生效,執行"
implicate,"使牽連其中,含意,暗示,包含的東西"
impolitic,"失策的,不得當的,不審慎的,沒見識的"
import--0,"進口,輸入,意味,表明,對,重要,有關系輸入品,進口貨,輸入,進口"
important,"重要的,重大的,大量的,許多的,有權力的,有地位的"
importune,"強求,胡攪蠻纏用迫切的,重複的,持續的要求使煩惱,參,纏擾不休的,胡攪蠻纏的,類強求是強製請求刺探是強製詢問,不緩和的,不安靜的"
impose--0,"課征,強迫加於,以,欺騙,利用,欺騙,施影響"
impressed,"被打動的,被感動的,參,容易受感動的,易受影響的,類,內疚導致道歉被感動導致稱贊"
improvise,"即興創作,即興表演,記法,不,前,看,沒有預先看過"
imprudent,"不謹慎的,輕率的,魯莽的,反"
impudence,"厚臉皮,無恥,鹵莽的行為"
impugn--0,"對,表示懷疑,提出異議"
impulsive,"沖動的,受感情驅使的,任性的"
inability,"名詞,無能,無力"
inanimate,"記,鼓舞,生氣勃勃的,源于,動物,牲畜,無生命的,無生氣的,參,意見一致的,想法一致的,類,短暫的不是持久的無生命的不是活的,死氣沉沉的,沒生命的,單調的"
incapable,"記,有能力的,無能力,不能勝任的,無能的,無能力的,不能的"
incarnate,"體現,使具體化,使實體化,化身的,實體化的,肉色的,深紅色的"
inception,"開始,開端,起初,使拿開始拿"
incessant,"不停地,連續的,連續不斷的,類,反,偶爾發生的"
incidence,"影響範圍,發生,影響,入射,傾角"
inclement,"天氣,嚴酷的,狂風暴雨的,嚴厲的,冷酷無情的,類,嚴峻的對嚴酷煩惱對煩惱,嚴酷導致逃避,反,芳香的,溫和的,溫和的,溫柔的"
including,"包含,的現在分詞,介系詞,包括"
inclusive,"包括的,包罗广泛的,包括,的,一切开支包括在内的,语言使用上不分男女的"
incorrect,"不正確的,錯誤的"
incubator,"孵育器,可以控製溫度和濕度,用于細菌培養,人工孵卵等,早產嬰兒保育箱,溫床,鼓勵新想法產生發展的地方,類溫室中培養植物保育箱中培養嬰兒"
inculcate,"反複灌輸,諄諄教誨,通過不斷的說明或重複來教育別人,參,培養,耕作"
inculpate,"記,使,錯,罪,連累,某人,受罪,連累,某人,受罪,控告,參,犯人,反,証明無罪,宣布免除,開脫,使,有罪,控告"
indecison,無法決定
indelible,"不能消除的,不能拭除的,難忘的"
indemnity,"名,保證物,賠償物,賠款,補償,保證"
indenture,"規定一方須為另一方服務一定時期的,契約,合同"
indicated,"表明的,指示"
indicator,"儀器上顯示溫度,壓力,耗油量等的,指標,指示器,記錄器,車輛上的,轉彎指示燈指示物,指示者"
indict--0,"法控告,起诉,告发"
indigence,"貧乏,窮困"
indignity,"侮辱,輕蔑,記,不,尊嚴,不被尊重,侮辱"
indolence,"懶惰,不積極,惰性,懶惰的"
induce--0,"導致,誘導,歸納出"
indulging,"沈迷於,滿足,慾望等"
ineffable,"無法形容的,說不出的,不應說出的,避諱的"
infantile,"貶,幼稚的,孩子氣的,尤指大孩子或成人"
infatuate,"使迷戀,使糊塗,著迷的迷戀者"
infection,"傳染,影響,傳染病"
inference,"推論,推理,推斷推斷結果,結論"
infirmity,"虛弱,病身,疾病"
inflaming,NotFoundAnyMeanings
influence,"影響,感化,勢力,權勢,有影響的人,影響,感化"
inform--0,"告訴,通知,使充滿,告發,告密"
infuriate,"灌輸,使,充滿,鼓舞"
infuse--0,"注入,泡出味道,鼓舞,泡,注"
ingest--0,"咽下,吞下參,擁塞,充血,消化,反,驅逐,發射,吐出,嘔吐,排泄,燃燒"
ingrained,"記原指深嵌入紡織品纖維的,進入,谷物,木頭的紋理,入木三分,根深蒂固的,偏見,習慣等,根深蒂固的,反,容易改變的,外在的,外來的,徹底的,根深蒂固的,生染的"
inhibitor,"抑製劑,可減緩或停止化學反應的物質,反,催化劑,化抑制劑,抑制者"
injection,"注射,注射劑,針劑"
injurious,"有害的,致傷的,誹謗的,中傷的"
injustice,"不公平,不公平的行為"
innate--0,"與生俱來的,天生的,固有的,字根,出生"
innermost,"內心的,秘密的,最深處的"
innervate,"使受神经支配,使神经分布于,刺激活动"
insensate,"無知覺生命的,愚鈍不敏的"
insincere,"不誠實的,無誠意的,偽善的"
insinuate,"記,進入,彎曲,繞彎說出來,含沙射影,旁敲側擊地說,含沙射影地說,逐漸陰險地輸入某種思想,參,蜿蜒的,不老實的,類,滲透是不知不覺進入含沙射影是不知不覺說出,使逐步而巧妙地取得,使迂回地潛入,或擠入,使慢慢滋長,含沙射影地說"
insistent,"堅持的,持續的,引人注目的"
insolence,"傲慢,自大,自大的,無禮的,記,不,收斂"
insoluble,"記,可溶解的,根,松開,在水中松開,可溶解的,不溶的,不能解決的,類,有浮力的無法下沉不能溶解的無法溶解,不能溶解的,不能解決的"
inspiring,"激勵人心的,啟發靈感的"
institute,"動詞,創立,設立,開始,名詞,專科性的,學校,大學,研究所"
insulting,"侮辱性的,欺負人的"
insurgent,"叛亂的,起來反抗當局或當權的政府的,叛亂分子,政黨內部的,反對派,類,吝嗇鬼的特點是吝嗇反叛者特點是反叛"
integrate,"綜合,使結合,使成整體,成一體,完整的,完全的"
intensely,"強烈地,極度強烈地,劇烈地,猛烈地熱情地,熱切地緊張地,認真地"
intensify,"動詞,加強,增強"
intensity,"強烈,劇烈,感情的,強烈程度"
intention,"意圖,意向,打算"
intercede,"說好話,代為求情,在裡面走說好話讓他能在裡面走"
interdict,"記原指一項基督教禁令將某人或某地排除在大部分聖禮之外,並不準以基督教形式安葬,中間,說在內部說出的禁令,官方禁止,官方的或法律上的,禁止,阻斷,封鎖,以火力切斷或毀壞交通線以阻止敵人前進,反,批準,阻斷"
interests,"興趣,關注,愛好"
interfere,"干涉,幹預,妨礙,打擾,抵觸,沖突"
interlock,"使,連結,使,聯鎖聯鎖,連結"
interlude,"記,在中間,玩耍,在玩鬧之間,休息,幕間休息,幕間喜劇,在各幕之間表演的滑稽短劇,間歇,兩段時期中間之時間,間隔的時間,戲劇或歌劇兩幕間,聖詩等兩段之間之間歇"
interpose,"插入,介於,二者間,干涉,插嘴,幹預"
interpret,"動詞,解釋"
interrupt,"中斷,妨礙,插嘴,打斷中斷"
intervals,"間隔,區間"
intricacy,"錯綜,複雜,紛亂,記,在裡面,詭計,詭計是很,複雜難懂的,參,複雜的,錯綜的"
introduce,"帶領,輸入,傳入,介紹,作為的開頭"
intruding,"侵入,闖入"
intuition,"直覺,由直覺獲知的知識"
intuitive,"直覺的,憑直覺的,憑直覺的方法判斷"
invention,"發明創造,發明才能,創造力,發現,找到"
inventive,"善於發明的,有創造力的,發明的"
inventory,"詳細目錄,存貨清單,列入詳細目錄,清點存貨"
investing,熔模鑄造
invoke--0,"援引,引起,求助,请求,乞灵于,计算机,调用"
involving,"包括,使,陷於"
irregular,"不合規格之物,不規則的,不整齊的,不合法的"
irritable,"易怒的,器官,身體等,敏感的"
